Col_1;Col_2;Col_3;Col_4;Col_5;Col_6;Col_7;Col_8;Col_9;Col_10;Col_11;Col_12;Col_13;Col_14;Col_15;Col_16;Col_17;Col_18;Col_19;Col_20;Col_21;Col_22;Col_23;Col_24;Col_25;Col_26;Col_27;Col_28;Col_29;Col_30;Col_31;Col_32;Col_33;Col_34;Col_35;Col_36;Col_37;Col_38;Col_39;Col_40;Col_41;Col_42;Col_43;Col_44;Col_45;Col_46;Col_47;Col_48;Col_49;Col_50;Col_51;Col_52;Col_53;Col_54;Col_55;Col_56;Col_57;Col_58;Col_59;Col_60;Etiqueta
200;371;428;207;954;986;1539;1601;3109;2111;1609;1582;2238;645;660;2273;3100;2999;5078;4797;5783;5071;4328;5550;6711;6415;7104;8080;6791;3857;1307;2604;5121;7547;8537;8507;6692;6097;4943;2744;510;2834;2825;4256;2641;1386;1051;1343;383;324;232;27;65;159;72;167;180;84;90;32;R
453;523;843;689;1183;2583;2156;3481;3337;2872;4918;6552;6919;7797;7464;9444;10000;8874;8024;7818;5212;4052;3957;3914;3250;3200;3271;2767;4423;2028;3788;2947;1984;2341;1306;4182;3835;1057;1840;1970;1674;583;1401;1628;621;203;530;742;409;61;125;84;89;48;94;191;140;49;52;44;R
262;582;1099;1083;974;2280;2431;3771;5598;6194;6333;7060;5544;5320;6479;6931;6759;7551;8929;8619;7974;6737;4293;3648;5331;2413;5070;8533;6036;8514;8512;5045;1862;2709;4232;3043;6116;6756;5375;4719;4647;2587;2129;2222;2111;176;1348;744;130;106;33;232;166;95;180;244;316;164;95;78;R
100;171;623;205;205;368;1098;1276;598;1264;881;1992;184;2261;1729;2131;693;2281;4060;3973;2741;3690;5556;4846;3140;5334;5256;2520;2090;3559;6260;7340;6120;3497;3953;3012;5408;8814;9857;9167;6121;5006;3210;3202;4295;3654;2655;1576;681;294;241;121;36;150;85;73;50;44;40;117;R
762;666;481;394;590;649;1209;2467;3564;4459;4152;3952;4256;4135;4528;5326;7306;6193;2032;4636;4148;4292;5730;5399;3161;2285;6995;10000;7262;4724;5103;5459;2881;981;1951;4181;4604;3217;2828;2430;1979;2444;1847;841;692;528;357;85;230;46;156;31;54;105;110;15;72;48;107;94;R
286;453;277;174;384;990;1201;1833;2105;3039;2988;4250;6343;8198;10000;9988;9508;9025;7234;5122;2074;3985;5890;2872;2043;5782;5389;3750;3411;5067;5580;4778;3299;2198;1407;2856;3807;4158;4054;3296;2707;2650;723;1238;1192;1089;623;494;264;81;104;45;14;38;13;89;57;27;51;62;R
317;956;1321;1408;1674;1710;731;1401;2083;3513;1786;658;513;3752;5419;5440;5150;4262;2024;4233;7723;9735;9390;5559;5268;6826;5713;5429;2177;2149;5811;6323;2965;1873;2969;5163;6153;4283;5479;6133;5017;2377;1957;1749;1304;597;1124;1047;507;159;195;201;248;131;70;138;92;143;36;103;R
519;548;842;319;1158;922;1027;613;1465;2838;2802;3086;2657;3801;5626;4376;2617;1199;6676;9402;7832;5352;6809;9174;7613;8220;8872;6091;2967;1103;1318;624;990;4006;3666;1050;1915;3930;4288;2546;1151;2196;1879;1437;2146;2360;1125;254;285;178;52;81;120;45;121;97;85;47;48;53;R
223;375;484;475;647;591;753;98;684;1487;1156;1654;3833;3598;1713;1136;349;3796;7401;9925;9802;8890;6712;4286;3374;7366;9611;7353;4856;1594;3007;4096;3170;3305;3408;2186;2463;2726;1680;2792;2558;1740;2121;1099;985;1271;1459;1164;777;439;61;145;128;145;58;49;65;93;59;22;R
164;173;347;70;187;671;1056;697;962;251;801;1056;1266;890;198;1133;2826;3234;3238;4333;6068;7652;9203;9719;9207;7545;8289;8907;7309;6896;5829;4935;3101;306;244;1108;1594;1371;696;452;620;1421;1597;1384;372;688;867;513;92;198;118;90;223;179;84;68;32;35;56;40;R
39;63;152;336;310;284;396;272;323;452;492;996;1424;1194;628;907;1177;1429;1223;1104;1847;3715;4382;5707;6654;7476;7654;8555;9720;9221;7502;7209;7757;6055;5021;4499;3947;4281;4427;3749;1972;511;793;1269;1533;690;402;534;228;73;62;62;120;52;56;93;42;3;53;36;R
123;309;169;313;358;102;182;579;1122;835;548;847;2026;2557;1870;2032;1463;2849;5824;7728;7852;8515;5312;3653;5973;8275;10000;8673;6301;4591;3940;2576;2817;2641;2757;2698;3994;4576;3940;2522;1782;1354;516;337;894;861;872;445;134;217;188;133;265;224;74;118;26;92;9;44;R
79;86;55;250;344;546;528;958;1009;1240;1097;1215;1874;3383;3227;2723;3943;6432;7271;8673;9674;9847;9480;8036;6833;5136;3090;832;4019;2344;1905;1235;1717;2351;2489;3649;3382;1589;989;1089;1043;839;1391;819;678;663;1202;692;152;266;174;176;127;88;98;19;59;58;59;32;R
90;62;253;489;1197;1589;1392;987;955;1895;1896;2547;4073;2988;2901;5326;4022;1571;3024;3907;3542;4438;6414;4601;6009;8690;8345;7669;5081;4620;5380;5375;3844;3601;7402;7761;3858;667;3684;6114;3510;2312;2195;3051;1937;1570;479;538;146;68;187;59;95;194;80;152;158;53;189;102;R
124;433;604;449;597;355;531;343;1052;2120;1640;1901;3026;2019;592;2390;3657;3809;5929;6299;5801;4574;4449;3691;6446;8940;8978;4980;3333;2350;1553;3666;4340;3082;3024;4109;5501;4129;5499;5018;3132;2802;2351;2298;1155;724;621;318;450;167;78;83;57;174;188;54;114;196;147;62;R
298;615;650;921;1615;2294;2176;2033;1459;852;2476;3645;2777;2826;3237;4335;5638;4555;4348;6433;3932;1989;3540;9165;9371;4620;2771;6613;8028;4200;5192;6962;5792;8889;7863;7133;7615;4401;3009;3163;2809;2898;526;1867;1553;1633;1252;748;452;64;154;31;153;71;212;76;152;49;200;73;R
352;116;191;469;737;1185;1683;1541;1466;2912;2328;2237;2470;1560;3491;3308;2299;2203;2493;4128;3158;6191;5854;3395;2561;5599;8145;6941;6985;8660;5930;3664;6750;8697;7837;7552;5789;4713;1252;6087;7322;5977;3431;1803;2378;3424;2303;689;216;469;426;346;158;154;109;48;95;15;73;67;R
192;607;378;774;1388;809;568;219;1037;1186;1237;1601;3520;4479;3769;5761;6426;6790;7157;5466;5399;6362;7849;7756;5780;4862;4181;2457;716;613;1816;4493;5976;3785;2495;5771;8852;8409;3570;3133;6096;6378;2709;1419;1260;1288;790;829;520;216;360;331;131;120;108;24;45;37;112;75;R
270;92;145;278;412;757;1026;1138;794;1520;1675;1370;1361;1345;2144;5354;6830;5600;3093;3226;4430;5573;5782;6173;8132;9819;9823;9166;7423;7736;8473;7352;6671;6083;6239;5972;5715;5242;2924;1536;2003;2031;2207;1778;1353;1373;749;472;325;179;45;84;10;18;68;39;120;132;70;88;R
126;149;641;1732;2565;2559;2947;4110;4983;5920;5832;5419;5472;5314;4981;6985;8292;7839;8215;9363;10000;9224;7839;5470;4562;5922;5448;3971;882;2385;2005;587;2544;2009;329;1547;1212;2446;3171;3195;3051;836;1266;1381;1136;516;73;278;372;121;153;92;35;98;121;6;181;94;116;63;R
473;509;819;1252;1783;3070;3008;2362;3830;3759;3021;2909;2301;1411;1582;2430;4474;5964;6744;7969;8319;7813;8626;7369;4122;2596;3392;3788;4488;6281;7449;7328;7704;7870;6048;5860;6385;7279;6286;5316;4069;1791;1625;2527;1903;1643;604;209;436;175;107;193;118;64;42;54;49;82;28;27;R
664;575;842;372;458;771;771;1130;2353;1838;2869;4129;3647;1984;2840;4039;5837;6792;6086;4858;3246;2013;2082;1686;2484;2736;2984;4655;6990;7474;7956;7981;6715;6942;7440;8169;8912;10000;8753;7061;6803;5898;4618;3639;1492;1216;1306;1198;578;235;135;141;190;43;36;26;24;162;109;79;R
99;484;299;297;652;1077;2363;2385;75;1882;1456;1892;3176;1340;2169;2458;2589;2786;2298;656;1441;1179;1668;1783;2476;2570;1036;5356;7124;6291;4756;6015;7208;6234;5725;7523;8712;9252;9709;9297;8995;7911;5600;2838;4407;5507;4331;2905;1981;779;396;173;149;115;202;139;29;160;106;134;R
115;150;136;76;211;1058;1023;440;931;734;740;622;1055;1183;1721;2584;3232;3817;4243;4217;4449;4075;3306;4012;4466;5218;7552;9503;10000;9084;8283;7571;7262;6152;5680;5757;5324;3672;1669;866;646;1891;2683;2887;2341;1668;1015;1195;704;167;107;91;16;84;64;26;29;37;70;41;R
293;644;390;173;476;816;993;315;736;860;414;472;835;938;1466;809;1179;2179;3326;3258;2111;2302;3361;4259;4609;2606;874;2862;5606;8344;8096;7250;8048;9435;10000;8960;5516;3037;2338;2382;3318;3821;1575;2228;1582;1433;1634;1133;567;133;170;35;52;83;78;75;105;160;95;11;R
201;26;138;62;133;151;541;210;505;1097;841;942;1204;420;31;162;624;2127;3436;3813;3825;4764;6313;7523;8675;8788;7901;8357;9631;9619;9236;8903;9708;9647;7892;5307;2718;1953;1374;3105;3790;4105;3355;2998;2748;2024;1043;453;337;122;72;108;70;63;30;11;7;24;57;44;R
151;320;599;1050;1163;1734;1679;1119;889;1205;847;1518;2305;2793;3404;4527;6950;8807;9154;7542;6736;7146;8335;7701;6993;6543;5040;4926;4992;4161;1631;404;637;2962;3609;1866;476;1497;2405;1980;3175;2379;1716;1559;1556;422;493;476;219;59;86;61;15;84;128;54;11;19;23;62;R
177;300;288;394;630;526;688;633;624;613;1680;3476;4561;5188;6308;7201;5153;3818;2644;3345;4865;6628;7389;9213;10000;7750;5593;6172;8635;6592;4770;4983;3330;3076;2876;2226;794;603;1049;606;1530;983;1643;1901;1107;1917;1467;392;356;270;168;102;122;44;75;124;99;57;32;19;R
100;275;190;371;416;201;314;651;1896;2668;3376;3282;2432;1268;1278;4441;6795;7051;7966;9401;9857;8193;5789;6394;7043;6875;4081;1811;2064;3917;3791;2042;2227;3341;3984;5077;5534;3352;2723;2278;2044;1986;835;908;1380;1948;1211;843;589;247;118;88;104;36;88;47;117;20;91;58;R
189;308;197;622;80;789;1440;1451;1789;2522;2607;3710;3906;2672;2716;4183;6988;5733;2226;2631;7473;7263;3393;2824;6053;5897;4967;8616;8339;4084;2268;1745;507;1588;3040;1369;1605;2061;734;202;1638;1583;1830;1886;1008;663;183;404;108;143;91;38;96;142;190;140;99;92;52;75;R
240;218;324;569;330;513;897;713;569;389;1934;2434;2906;2606;3811;4997;3015;3655;6791;7307;5053;4441;6987;8133;7781;8943;8929;8913;8610;8063;5540;2446;3459;1615;2467;5564;4681;979;1582;751;3321;3745;2666;1078;1418;1687;738;634;144;226;61;162;146;93;112;94;54;19;66;23;R
84;153;291;432;951;752;414;259;692;1753;1970;1167;1683;814;2179;5121;7231;7776;6222;3501;3733;2622;3776;7361;8673;8223;7772;7862;5652;3635;3534;3865;3370;1693;2627;3195;1388;1048;1681;1910;1174;933;856;951;986;956;426;407;106;179;56;236;114;136;117;60;58;31;72;45;R
195;213;58;190;319;571;1004;668;691;242;728;639;3002;3854;4767;4602;3175;4160;6428;10000;8631;5212;3156;5952;7732;6042;4375;5487;4720;6235;3851;1590;3891;5294;3504;4480;4041;5031;6475;5493;3548;2028;1882;845;1315;1590;562;617;343;370;261;157;74;271;203;89;95;95;21;53;R
442;477;49;581;278;678;1664;1490;974;1268;1109;2375;2007;2140;1109;2036;2468;6682;8345;8252;8017;8982;9664;8515;6626;3241;2054;5669;5726;4877;7532;7600;5185;4120;5560;5569;1336;3831;4611;4330;2556;1466;3489;2659;944;1370;1344;416;719;637;210;204;216;135;55;73;80;105;59;105;R
311;491;692;831;79;200;981;1016;2025;767;1767;2555;2812;2722;3227;3463;5395;7911;9064;8701;7672;2957;4148;6043;3178;3482;6158;8049;6289;4999;5830;6660;4124;1260;2487;4676;5382;3150;2139;1848;1679;2328;1015;713;615;779;761;845;592;68;89;87;32;130;188;101;229;182;46;38;R
206;132;533;569;647;1432;1344;2041;1571;1573;2327;1785;1507;1916;2061;2307;2360;1299;3812;5858;4497;4876;10000;8675;4718;5341;6197;7143;5605;3728;2481;1921;1386;3325;2883;3228;2607;2040;2396;1319;683;334;716;976;787;522;500;231;221;144;307;386;147;18;100;96;77;180;109;70;R
94;166;398;359;681;706;1020;893;381;1328;1303;273;644;712;1204;717;1224;2349;3684;3918;4925;8793;9606;8786;6905;6937;5674;6540;7802;7575;5836;6316;8108;9039;8647;6695;4027;2370;2685;3662;3267;2200;2996;2205;1163;635;465;422;174;172;134;141;191;145;65;129;217;87;77;122;R
333;221;270;481;679;981;843;1172;759;920;1475;522;1119;970;1174;1678;1642;1205;494;1544;3485;6146;9146;9364;8677;8772;8553;8833;10000;8296;6601;5499;5716;6859;6825;5142;2750;1358;1551;2646;1994;1883;2746;1651;575;695;598;456;21;68;36;22;32;60;54;63;143;132;51;41;R
123;22;196;206;180;492;33;398;791;475;1152;520;1192;1943;1840;2077;1956;1630;1218;1017;1354;3157;4645;5906;6776;8119;8594;9228;8387;7238;6292;5181;4629;5255;5147;3929;1279;411;859;1131;1306;1757;2648;1955;656;580;319;301;272;74;149;125;134;26;38;18;113;58;47;71;R
91;213;206;505;657;795;970;872;743;837;1579;898;309;1856;2969;2032;1264;1655;1661;2091;2310;4460;6634;6933;7663;8206;7049;7560;7466;6387;4846;3328;5356;8741;8573;6718;3446;3150;2702;2598;2742;3594;4382;2460;758;187;797;748;367;155;300;112;112;102;26;97;98;43;71;108;R
68;232;513;444;249;637;422;1130;1911;2475;1606;922;2398;3220;4295;2652;666;1442;2373;2595;2493;3903;6384;8037;7026;6874;6997;8558;10000;9621;8996;7575;6902;5686;4396;4546;2959;1587;1681;842;1173;1754;2728;1705;194;213;354;420;93;204;199;173;163;55;45;68;41;52;194;105;R
93;185;56;64;260;458;470;57;425;640;888;1599;1541;2768;2176;2799;3491;2824;2479;3005;4300;4684;4520;5026;6217;6571;6632;7321;8534;10000;8448;6354;6308;6211;6976;5868;4889;3683;2043;1469;2220;1449;1490;1211;1144;791;365;152;85;120;22;69;64;129;114;54;89;50;58;25;R
211;319;415;286;121;438;1299;1390;695;568;869;1935;1478;1871;1994;3283;6861;5814;2500;1734;3363;5588;6592;7012;8099;8901;8745;7887;8725;9376;8920;7508;6832;7610;9017;10000;9123;7388;5915;4057;3019;2331;2931;2298;2391;1910;1096;300;171;383;53;90;42;153;106;20;105;49;70;80;R
93;269;217;339;305;1172;1450;638;740;1360;2132;3738;3738;2673;2333;5367;7312;7659;6271;4395;4330;4326;5544;7360;8589;8989;9420;9401;9379;8575;7284;6700;7547;8773;9919;9922;9419;8388;6605;4816;2917;1769;1136;701;1578;1938;1106;693;176;205;309;212;91;56;86;92;70;116;60;110;R
257;447;388;239;1315;1323;1608;2145;847;561;891;861;1531;1524;1849;2871;2009;2748;5017;2172;4978;5265;3647;5768;5161;5715;4006;3650;6685;8659;8052;4082;3379;5092;6776;7313;6062;7040;8849;8979;7751;7247;7733;7762;6009;4514;3096;1859;956;206;206;96;153;96;131;198;25;199;255;180;R
408;653;397;604;496;1817;1178;1024;583;2176;2459;3332;3087;2613;3232;3731;4203;5364;7062;8196;8835;8299;7609;7605;8367;8905;7652;5897;3037;823;2787;7241;8032;8050;7676;7468;6253;1730;2916;5003;5220;4824;4004;3877;1651;442;663;418;475;235;66;62;129;184;69;198;199;102;70;55;R
308;339;202;889;1570;1750;920;1353;1593;2795;3336;2940;1608;3335;4985;7295;7350;8253;8793;9657;10000;8707;6471;5973;8218;7755;6111;4195;2990;1354;2438;5624;5555;6963;7298;7022;5468;1421;4738;6410;4375;3178;2377;2808;1374;1136;1034;688;422;117;70;167;127;138;90;51;29;122;56;20;R
373;281;232;225;179;733;841;1031;993;802;1564;2565;2624;1179;597;1563;2241;3586;1792;3256;6079;6988;8391;8553;7710;6215;5736;4402;4056;4411;5130;5965;7272;6539;5902;5393;4897;4081;4145;6003;7196;6633;6287;4087;3212;2518;1482;988;317;269;66;8;45;24;6;73;96;54;85;60;R
190;38;642;452;333;690;901;1454;740;349;1459;3473;3197;2823;166;572;2164;4563;3819;5627;6484;7235;8242;8766;10000;8582;6563;5087;4817;4530;4521;4532;5385;5308;5356;5271;4260;2436;1205;3845;4107;5067;4216;2479;1586;1124;651;789;325;70;26;93;118;112;94;140;72;22;55;122;R
119;582;623;600;1397;1883;1422;1447;487;864;2143;3720;2665;2113;1103;1136;1934;4142;3279;6222;7468;7676;7867;8253;10000;9481;7539;6008;5437;5387;5619;5141;6084;5621;5956;6078;5025;2829;477;2811;3422;5147;4372;2470;1708;1343;838;755;304;74;69;25;103;74;123;69;76;73;30;138;R
353;713;326;272;370;792;1083;687;298;880;1078;979;2250;2819;2099;1240;1699;939;1091;1410;1268;3151;1430;2264;5756;7876;7158;5998;5583;6295;7659;8940;8436;6807;8380;10000;9497;7866;5647;3480;2585;2304;2948;3363;3017;2193;1316;1078;559;35;98;163;242;43;202;108;37;96;93;53;R
131;68;308;311;85;767;771;640;726;901;750;844;1226;1619;2317;2934;3526;3657;3221;3093;4084;4285;4663;5956;6948;8386;8875;6404;3308;3425;4920;4592;3034;4366;5175;5122;4746;4902;4603;4460;4196;2873;2296;949;95;527;383;107;108;77;109;62;28;40;75;39;53;13;52;23;R
87;46;81;230;586;682;993;717;576;818;1315;1862;2789;2579;2240;2568;2933;2991;3924;4691;5665;6464;6774;7577;8856;9419;10000;8564;6790;5587;4147;2946;2025;688;1171;2157;2216;2776;2309;1444;1513;1745;1756;1424;908;138;469;480;159;45;15;52;38;79;114;50;30;64;58;30;R
293;378;257;62;130;612;895;1107;973;751;528;1209;1763;2039;2727;2321;2676;2934;3295;4910;5402;6257;6826;7527;8504;8938;9928;9134;7080;6318;6126;4638;2797;1721;1665;2561;2735;3209;2724;1880;1552;2522;2121;1801;1473;681;1091;919;397;93;76;65;72;108;51;102;41;55;50;87;R
132;80;188;141;436;668;609;131;899;922;1445;1475;2087;2558;2603;1985;2394;3134;4077;4529;4893;5666;6234;6741;8282;8823;9196;8965;7549;6736;6463;5007;3663;2298;1362;2123;2395;2673;2865;2060;1659;2633;2552;1696;1467;1286;926;716;325;258;136;44;28;21;22;48;138;140;28;64;R
201;116;123;245;547;208;891;836;1335;1199;1742;1387;2042;2580;2616;2097;2532;3213;4327;4760;5328;6057;6696;7476;8930;9405;10000;9785;8473;7639;6701;4989;3718;2196;1416;2680;2630;3104;3392;2123;1170;2655;2203;1541;1464;1044;1225;745;490;224;32;76;45;56;75;37;45;29;8;18;R
152;102;113;263;97;391;857;915;949;1504;1911;2115;2249;2573;1701;2023;2538;3417;4026;4553;5525;5991;5854;7114;9500;9858;10000;9578;8642;7128;5893;4323;2897;1744;770;2297;2459;3101;3312;2220;871;2064;1808;1624;1120;815;1117;950;412;120;48;49;41;36;13;46;37;11;34;33;R
216;124;174;152;608;1026;1139;877;1160;866;1564;780;997;915;662;1134;1740;2573;3294;3910;5438;6115;7022;7610;7973;9105;8807;7949;7990;7180;6407;6312;5929;6168;6498;6764;6253;5117;3890;3273;2509;1530;1323;1657;1215;978;452;273;179;92;18;52;49;96;134;122;47;18;6;23;R
225;19;75;97;445;906;889;655;1624;1452;1442;948;618;1641;708;844;2590;2679;3094;4678;5958;7245;8773;9214;9282;9942;10000;9071;8545;7293;6499;6071;5588;5967;6275;5459;4786;3965;2087;1651;1836;652;758;486;353;297;241;379;119;73;51;34;129;100;44;57;30;35;21;27;R
125;152;218;175;362;696;873;616;1252;1302;888;500;628;1274;801;742;2048;2950;3193;4567;5959;7101;8225;8425;9065;9802;10000;8752;7583;6616;5786;5128;4776;4994;5197;5071;4577;3505;1845;1890;1967;1041;550;492;622;505;247;219;102;47;19;41;74;30;50;48;17;41;86;58;R
130;6;88;456;525;778;931;941;1711;1483;1532;1100;890;1236;1197;1145;2137;2838;3640;5430;6673;7979;9273;9027;9192;10000;9821;9092;8184;6962;5900;5447;5142;5389;5531;5318;4826;3790;1831;1750;1679;674;609;375;533;278;179;114;73;116;92;78;41;13;11;45;39;22;23;16;R
135;45;51;289;561;929;1031;883;1596;1908;1576;1112;1197;1174;1415;2215;2658;2713;3862;5717;6797;8747;10000;8948;8420;9174;9307;9050;8228;6986;5831;4924;4563;5159;5670;5284;5144;3742;2282;1193;1088;431;1070;583;46;473;408;290;192;94;25;37;84;102;96;24;37;28;30;30;R
86;215;242;445;667;771;499;906;1229;1185;775;1101;1042;853;456;1304;2690;2947;3669;4948;6275;8162;9237;8710;8052;8756;10000;9858;9427;8114;6987;6810;6591;6954;7290;6680;5917;4899;3439;2366;1716;1013;766;845;260;333;205;309;101;95;47;72;54;22;16;29;58;50;24;30;R
67;96;24;58;197;618;432;951;836;1180;978;909;656;593;832;1297;2038;3811;4451;5224;5911;6566;6308;5998;4958;5647;6906;8513;10000;9166;7676;6177;5468;5516;5463;5515;4561;3466;3384;2853;2502;1641;1605;1491;1326;687;602;561;306;154;29;48;23;20;40;19;34;34;51;31;R
71;103;135;494;253;806;701;738;117;898;289;1554;1437;1035;1424;1227;892;2047;827;1524;3031;1608;667;1426;395;1653;3399;4855;5206;5508;6102;5989;6764;8897;10000;9517;8459;7073;6697;6326;5102;4161;2816;1705;1421;971;879;863;355;233;252;43;48;76;124;105;54;32;73;63;R
176;172;501;285;262;351;362;535;258;474;526;1854;1040;948;912;1688;1568;375;1316;2086;1976;946;1965;1242;616;2141;4642;6471;6340;6107;7046;5376;5934;8443;9481;9705;7766;6313;5760;6148;5450;4813;3406;1916;1134;640;911;980;563;187;88;42;175;171;79;50;112;179;294;63;R
265;440;137;84;305;438;341;780;844;779;327;2060;1908;1065;1457;2232;2070;1105;1078;1165;2224;689;2060;2384;904;2278;5872;8457;8467;7679;8055;6260;6545;8747;9885;9348;6960;5733;5872;6663;5651;5247;3684;1997;1512;508;931;982;524;188;100;38;187;156;68;97;73;81;86;95;R
368;403;317;293;820;1342;1161;663;155;506;906;2545;1464;1272;1223;1669;1424;1285;1857;1136;2069;219;2400;2547;240;1923;4753;7003;6825;6443;7063;5373;6601;8708;9518;9605;7712;6772;6431;6720;6035;5155;3802;2278;1522;801;804;752;566;175;58;91;160;160;81;70;135;67;78;68;R
195;142;181;406;391;249;892;973;840;1191;1522;1322;1434;1244;653;890;1226;1846;3880;3658;2297;2610;4193;5848;5643;5448;4772;6897;9797;10000;9546;8835;7662;6547;5447;4593;4679;1987;699;1493;1713;1654;2600;3846;3754;2414;1077;224;155;187;125;28;67;120;12;22;58;42;67;12;R
216;215;273;139;357;785;906;908;1151;973;1203;1102;1192;1762;2390;2138;1929;1765;746;1265;2005;1571;2605;5386;8440;10000;8684;6742;5537;4638;3609;2055;1620;2092;3100;2344;1058;383;528;1291;2241;1915;1587;942;840;670;342;469;357;136;82;140;44;52;73;21;47;24;9;17;R
65;122;68;108;217;284;527;575;1054;1109;937;827;920;911;1487;1666;1268;1374;1095;1286;2146;2889;4238;6168;8167;9622;8280;5816;4667;3539;2727;1410;1863;2176;2360;1725;589;621;1847;2452;2984;3041;2275;1480;1102;1178;608;333;276;100;23;69;25;27;52;36;26;36;6;35;R
36;78;92;387;530;1197;1243;1026;1239;888;937;1245;1599;1542;1846;1732;1477;1748;1455;1579;2257;1975;3368;5828;8505;10000;8457;6624;5564;3925;3233;2054;1920;2227;3147;2268;795;748;1166;1969;2619;2507;1983;948;931;965;381;435;336;55;79;119;55;35;36;4;18;49;24;16;R
208;186;131;211;610;613;612;506;989;1093;1063;1179;1291;1591;1680;1918;1615;1647;1397;1426;2429;2816;4290;6443;9061;10000;8087;6119;5260;3677;2746;1020;1339;1582;1952;1787;429;1096;1762;2481;3150;2920;1902;696;758;910;441;244;265;95;140;74;63;81;87;44;28;19;49;23;R
139;222;89;108;215;136;659;954;786;1015;1261;828;493;848;1514;1396;1066;1923;2991;3247;3797;5658;7483;8757;9048;7511;6858;7043;5864;3773;2206;2628;2672;2907;1982;2288;3186;2871;2921;2806;2682;2112;1513;1789;1850;1717;898;656;445;110;24;62;72;113;12;22;25;59;39;48;R
109;93;121;378;679;863;1004;664;941;1036;972;501;1546;3404;4804;6570;7738;7827;8152;8129;8297;8535;8870;8894;8980;9667;10000;9134;6762;4659;2895;2959;1746;2112;2569;2276;2149;1601;371;117;488;288;597;431;369;25;327;257;182;108;124;77;23;117;53;77;76;56;55;39;R
202;104;325;239;807;1529;1154;608;1317;1370;843;269;1254;3046;5584;7973;8341;8057;8616;8769;9413;9403;9409;10000;9725;9309;9351;7317;4421;3244;4161;4611;4031;3000;2459;1348;2541;2255;1598;1485;845;569;855;1262;1153;570;426;425;235;6;188;127;81;67;43;65;49;54;73;54;R
239;189;466;440;657;742;1380;1099;1384;1376;938;259;1499;2851;5743;8278;8669;8131;9045;9046;10000;9976;9872;9761;9009;9724;9675;7633;4434;3822;4727;4007;3381;3172;2222;733;2692;1888;712;1062;694;300;893;1459;1348;391;546;469;201;95;155;91;151;80;18;78;45;26;36;24;R
336;294;476;539;794;804;1136;1228;1235;842;357;689;1705;3257;4602;6225;7327;7843;7988;8261;10000;9814;9620;9601;9118;9086;7931;5877;3474;4235;4633;3410;2849;2847;1742;549;1192;1154;855;1811;1264;799;378;1268;1125;505;949;677;259;170;33;150;111;32;35;169;137;15;69;51;R
231;351;30;304;339;860;1738;1351;1063;347;575;1382;2274;4038;5223;6847;7521;7760;7708;8627;10000;8873;8057;8760;9066;9430;8846;6500;2970;2423;2992;2285;2277;1529;1037;352;1073;1373;1331;1454;1115;440;762;1381;831;654;844;595;497;313;154;106;97;22;52;72;56;38;43;30;R
108;86;58;460;752;887;1015;494;472;393;1106;1412;2202;2976;4116;4754;5390;6279;7060;7918;9493;10000;9645;9432;8658;7895;6501;4492;4739;6153;4929;3195;3735;3336;1052;671;379;461;1694;2169;1677;644;159;778;653;210;509;387;262;101;161;29;78;114;83;58;3;23;26;27;R
229;369;40;375;455;1452;2211;1188;750;1631;2709;3358;4091;4400;5485;7213;8137;9185;10000;9418;9116;9349;7484;5146;4106;3443;6981;8713;9013;8014;4380;1319;1709;2484;3044;2312;1338;2056;2474;2790;1610;56;351;1148;1331;276;763;631;309;240;115;64;22;122;151;56;26;29;104;163;R
100;194;155;489;839;1009;1627;2071;2696;2990;3242;3565;3951;5201;6953;8468;10000;9278;8510;8010;8142;8825;7302;6107;7159;8458;6319;4808;6291;7152;6005;4235;4106;3992;1730;1975;2370;1339;1583;3151;1968;2054;1272;1129;1946;2195;1930;1498;773;196;122;130;73;77;75;60;80;19;53;19;R
409;421;573;130;183;1019;1054;1070;2302;2259;2373;3323;3827;4840;6812;7555;9522;9826;8871;8268;7561;8217;6967;6444;6948;8014;6053;6084;8877;8557;5563;2897;3638;4786;2908;899;2043;1707;407;1286;1581;2191;1701;971;2217;2732;1874;1062;665;405;113;28;36;105;120;87;61;61;30;78;R
217;340;392;236;1081;1164;1398;1009;1147;1777;4079;4113;3973;5078;6509;8073;9819;10000;9407;8452;8106;8460;6212;5815;7745;8204;5601;2989;5009;6628;5753;4055;3746;3481;1580;1422;2130;1866;1003;2396;2241;2029;710;1606;1669;1700;1829;1403;506;224;95;31;103;78;77;94;31;30;13;69;R
378;318;423;350;1787;1635;887;817;1779;2053;3135;3118;3686;3885;5850;7868;9739;10000;9843;8610;8443;9061;5847;4033;5946;6793;6389;5002;5578;4831;4729;3318;3969;3894;2314;1036;1312;864;2569;3179;2649;2714;1713;584;1230;2200;2198;1074;423;162;93;46;44;78;102;65;61;62;43;53;R
365;1632;1636;1421;1130;1306;2112;2268;2992;3735;3042;387;2679;5397;6204;7257;8350;6888;4450;3921;5605;7545;8311;10000;8762;7092;7009;5014;3942;4456;4072;773;1423;401;3597;6847;7076;3597;612;3027;3966;3868;2380;2059;2288;1704;1587;1792;1022;151;223;110;71;205;164;63;78;94;110;68;R
188;370;953;824;249;488;1424;1972;1873;1806;2139;1523;1975;4844;7298;7807;7906;6122;4200;2807;5148;7569;8596;10000;8457;6797;6971;5843;4772;5201;4241;1592;1668;588;3967;7147;7319;3509;589;2690;4200;3874;2440;2000;2307;1886;1960;1701;1366;398;143;93;33;113;30;57;90;57;68;24;R
856;454;382;203;385;534;2140;3110;2837;2751;2707;946;1020;4519;6737;6699;7066;5632;3785;2721;5297;7697;8643;9304;9372;6247;6024;6810;5047;5775;4754;2400;2779;1997;5305;7409;7775;4424;1416;3508;4482;4208;3054;2235;2611;2798;2392;2021;1326;358;128;172;138;79;37;51;258;102;37;37;R
274;242;621;560;1129;973;1823;1745;1440;1808;2366;906;1749;4012;5187;7312;9062;9260;7434;4463;5103;6952;7755;8364;7283;6399;5759;4146;3495;4437;2665;2024;1942;765;3725;5843;4827;2347;999;3244;3990;2975;1684;1761;1683;729;1190;1297;748;67;255;113;108;85;47;74;104;161;220;173;R
235;291;749;519;227;834;677;2002;2876;3674;2974;837;1912;5040;6352;6804;7505;6595;4509;2964;4019;6794;8297;10000;8240;7115;7726;6124;4936;5648;4906;1820;1811;1107;4603;6650;6423;2166;1951;4947;4925;4041;2402;1392;1779;1946;1723;1522;929;179;242;83;37;95;105;30;132;68;108;90;R
126;519;621;518;1072;2587;2304;2067;3416;4284;3015;1207;3299;5707;6962;9751;10000;9293;6210;4586;5001;5032;7082;8420;8109;7690;8105;6203;2356;2595;6299;6762;2903;4393;8529;7180;4801;5856;4993;2866;601;1167;2737;2812;2078;660;491;345;172;287;27;208;48;199;126;22;37;34;114;77;R
253;808;507;244;1724;3823;3729;3583;3429;2197;2653;3223;5582;6916;7943;7152;3512;2008;2676;4299;5280;3489;1430;5453;6338;7712;6838;8015;8073;8310;7792;5049;1413;2767;5084;4787;1356;2299;2789;3833;2933;1155;1705;1294;909;800;567;198;114;151;85;178;73;79;38;116;33;39;81;53;R
260;192;254;61;352;701;1263;1080;1523;1630;1030;2187;1542;2630;2940;2978;699;1401;2990;3915;3598;2403;4208;5675;6094;6323;6549;7673;10000;8463;5509;4444;5169;4268;1802;791;535;1906;2561;2153;2769;2841;1733;815;335;933;1018;309;208;318;132;118;120;51;70;15;35;8;44;77;R
459;437;347;456;67;890;1798;1741;1598;1408;2693;3259;4545;5785;4471;2231;2164;3201;2915;4235;4460;2380;6415;8966;8918;7529;6838;8390;10000;8362;5427;4577;8067;6973;3915;1558;1598;2161;5178;4782;2344;3599;2785;1807;352;473;322;408;163;88;121;67;32;109;164;151;70;85;117;56;R
25;309;171;228;434;1224;1947;1661;1368;1430;994;2250;2444;3239;3039;2410;367;1672;3038;4069;3613;1994;4611;6849;7272;7152;7102;8516;10000;7690;4841;3717;6096;5110;2586;916;947;2287;3480;2095;1901;2941;2211;1524;746;606;692;446;344;82;108;149;77;36;114;85;101;16;28;14;R
291;400;771;809;521;1051;145;674;1294;1146;942;794;252;1191;1045;2050;1556;2690;3784;4024;3470;1395;1208;2827;1500;2626;4468;7520;9036;7812;4766;2483;5372;6279;3647;4572;6359;6474;5520;3253;2292;653;0;0;0;0;0;0;0;0;0;56;237;204;50;137;164;81;139;111;R
181;146;26;141;421;473;361;741;1398;1045;904;671;997;1056;346;1231;1626;3652;3262;2995;2109;2104;2085;2282;747;1969;4086;6385;7970;7508;5517;2214;4672;4479;2297;3235;4480;5581;6520;5354;2478;2268;1788;898;536;374;990;956;317;142;76;223;255;145;233;41;18;48;89;85;R
491;279;592;1270;1772;1908;2217;768;1246;2028;947;2497;2209;3195;3340;3323;2780;2975;2948;1729;3264;3834;3523;5410;5228;4475;5340;5323;3907;3456;4091;4639;5580;5727;6355;7563;6903;6176;5379;5622;6508;4797;3736;2804;1982;2438;1789;1706;762;238;268;81;129;161;63;119;194;140;332;439;M
1313;2339;3059;4264;4010;1791;1853;55;1929;2231;2907;2259;3136;3302;3660;3956;4386;4670;5255;3735;2243;1973;4337;6532;5070;2796;4163;5950;5242;4178;3714;2375;863;1437;2896;4577;3725;3372;3803;4181;3603;2711;1653;1951;2811;2246;1921;1500;665;193;156;362;210;154;180;13;106;127;178;231;M
201;423;554;783;620;871;1201;2707;1206;279;2251;2615;1770;3709;4533;5553;4616;3797;3450;2665;2395;1127;2556;5169;3779;4082;5353;5116;4544;4258;3869;3939;4661;3974;2194;1816;1023;2108;3253;3697;2912;3010;2563;1927;2062;1751;841;1035;641;153;81;191;182;160;290;90;242;224;190;96;M
629;1065;1526;1229;1437;1190;884;907;2107;3597;5466;5205;5127;5395;6558;8705;9786;9335;7917;7383;6908;3850;671;502;2717;2839;2234;1911;408;2531;1979;1891;2433;1956;2667;1340;1073;2023;1794;227;1313;1775;1549;1626;708;129;795;762;117;61;257;89;262;108;138;187;230;57;113;131;M
335;134;696;1180;348;1180;1948;1607;3036;4372;5533;5771;7022;7067;7367;7391;8622;9458;8782;7913;5760;3061;563;239;2554;4862;5027;4402;2847;1797;3560;3522;3321;3112;3638;754;1834;1820;1815;1593;576;954;1086;812;784;487;439;586;370;185;302;244;232;93;159;193;32;377;126;156;M
587;1210;1268;1498;1436;561;832;672;1372;2352;3208;4257;5201;4914;5950;7221;9039;9111;8723;7686;7326;5222;3097;3172;2270;1640;1746;1835;2048;1674;2767;3104;3399;4441;5046;2814;1681;2633;3198;1933;934;443;780;722;405;553;1081;1139;767;265;215;331;111;88;158;122;38;101;228;124;M
162;253;262;386;645;472;1056;1388;598;1334;2969;4754;5677;5690;6421;7487;8999;10000;9690;9032;7685;6998;6644;5964;3711;921;481;876;1040;1714;3264;4612;3939;5050;4833;3511;2319;4029;3676;1510;745;1395;1552;377;636;443;264;223;187;77;137;71;82;232;198;74;35;100;48;19;M
307;523;653;521;611;577;665;664;1460;2792;3877;4992;4981;4972;5607;7339;8230;9173;9975;9911;8240;6498;5980;4862;3150;1543;989;284;1008;2636;2694;2930;2925;3998;3660;3172;4609;4374;1820;3376;6202;4448;1863;1420;589;576;672;269;245;190;63;321;189;137;277;152;52;121;124;55;M
116;179;449;1096;1913;924;761;1092;757;1006;2500;3988;3809;4753;6165;6464;8024;9208;9832;9634;8646;8325;8276;8007;6102;4853;4355;4307;4399;3833;3032;3035;3197;2292;2131;2347;3201;4455;3655;2715;1747;1781;2199;1056;573;307;237;470;102;57;31;163;99;84;270;277;97;54;148;92;M
331;423;474;818;835;756;374;961;548;193;897;1734;1936;2803;3313;5020;6360;7096;8333;8730;8073;7507;7526;7298;6177;4946;4531;4099;4540;4124;3139;3194;3692;3776;4469;4777;4716;4664;3893;4255;4064;3712;3863;2802;1283;1117;1303;787;436;224;133;78;174;176;38;129;66;44;134;92;M
428;555;708;618;1215;1524;1543;391;610;113;1255;2473;3011;3747;4520;5392;6588;7113;7602;8672;8416;7974;8385;9317;8555;6162;4139;3269;3108;2554;3367;4465;5000;5111;5194;4619;4234;4372;4277;4433;3700;3324;2564;2527;2137;1789;1010;528;453;118;9;142;179;79;60;131;89;84;113;49;M
599;474;498;387;1026;773;853;447;1094;351;1582;2023;2268;2829;3819;4665;6687;8647;9361;9367;9144;9162;9311;8604;7327;5763;4162;4113;4146;3149;2936;3169;3149;4132;3994;4195;4532;4419;4737;3431;3194;3370;2493;2650;1748;932;530;81;342;137;28;13;5;227;209;81;117;114;112;100;M
264;71;342;793;1043;783;1417;1176;453;945;1132;840;717;1968;2633;4191;5050;6711;7922;8381;8759;9422;10000;9931;9575;8647;7215;5801;4964;4886;4079;2443;1768;2472;3518;3762;2909;2311;3168;3554;3741;4443;3261;1963;864;1688;1991;1217;628;323;253;214;262;177;37;68;121;77;78;66;M
210;121;203;1036;1675;418;723;828;494;686;1125;1741;2710;3087;3575;4998;6011;6470;8067;9008;8906;9338;10000;9102;8496;7867;7688;7718;6268;4301;2077;1198;1660;2618;3862;3958;3248;2302;3250;4022;4344;4008;3370;2518;2101;1181;1150;550;293;183;104;117;101;61;31;99;80;107;161;133;M
530;885;1997;2604;3225;2247;617;2287;950;740;1610;2226;2703;3365;4266;4144;5655;6921;8547;9234;9171;10000;9532;9101;8337;7053;6534;4483;2460;2020;1446;994;1510;2392;4434;5023;4441;4571;3927;2900;3408;4990;3632;1387;1800;1299;523;817;469;114;299;244;199;257;82;151;171;146;134;56;M
454;472;697;1021;1397;1493;1487;771;1171;1675;2799;3323;4012;4296;5350;5411;6870;8045;9194;9169;10000;9972;9093;7918;6705;5324;3572;2484;3161;3775;3138;1713;2937;5234;5926;5437;4516;3379;3215;2178;1674;2634;2980;2037;1155;919;882;228;380;142;137;120;42;238;129;84;218;321;154;53;M
283;599;656;229;839;1673;1154;1098;1370;1767;1995;2869;3275;3769;4169;5036;6180;8025;9333;9399;9275;9450;8328;7773;7007;6154;5810;4454;3707;2891;2185;1711;3578;3947;2867;2401;3619;3314;3763;4767;4059;3661;2320;1450;1017;1111;655;271;244;179;109;147;170;158;46;73;54;33;45;79;M
114;222;269;384;1217;2062;1489;929;1350;1799;2486;2973;3672;4394;5258;6755;7402;8284;9033;9584;10000;9982;8899;7493;6367;6744;7207;6821;5512;4789;3924;2533;1089;1390;2551;3301;2818;2142;2266;2142;2354;2871;2596;1925;1256;1003;951;1210;728;174;213;269;152;257;97;41;50;145;103;25;M
414;436;447;844;419;1215;2002;1516;818;1975;2309;3025;3938;5050;5872;6610;7417;8006;8456;7939;8804;8384;7852;8479;7434;6433;5514;3519;3168;3346;2056;1032;3168;4040;4282;4538;3704;3741;3839;3494;4380;4265;2854;2808;2395;369;805;541;177;65;222;45;136;113;53;165;141;77;246;198;M
94;333;306;376;1296;1795;1909;1692;1870;1725;2228;3106;4144;5157;5369;5107;6441;7326;8164;8856;9891;10000;8750;8631;9074;8674;7750;6600;5615;4016;2331;1164;1095;431;619;1956;2120;3242;4102;2939;1911;1702;1010;1512;1427;1097;1173;972;703;281;216;153;112;241;164;55;78;55;91;67;M
228;106;130;842;1117;1506;1776;997;1428;2227;2621;3109;2859;3316;3755;4499;4765;6254;7304;8702;9349;9614;9126;9443;10000;9455;8815;7520;7068;5986;3857;2510;2162;968;1323;1344;2250;3244;3939;3806;3258;3654;2983;1779;1535;1199;959;765;649;313;185;98;178;77;74;95;55;45;63;39;M
363;478;298;210;1409;1916;1349;1613;1703;1444;1989;2154;2863;3570;3980;4359;5334;6304;6995;7435;8379;8641;9014;9432;9536;10000;9547;9745;8962;7196;5462;3156;2525;1969;2189;1533;711;1498;1755;2276;1322;1056;1973;1692;1881;1177;779;495;492;194;250;115;190;55;96;50;66;114;73;33;M
261;266;223;749;1364;1513;1316;1654;1864;2013;2890;3650;3510;3495;4325;5398;6237;6876;7329;8107;8396;8632;8747;9607;9716;9121;8576;8798;7720;5711;4264;2860;3114;2066;1165;185;1302;2480;1637;1103;2144;2033;1887;1370;1376;307;373;606;399;169;135;222;175;127;22;124;54;21;28;23;M
346;509;79;243;432;735;938;1134;1228;1508;1809;2390;2947;2866;4010;5325;5486;5823;6041;6749;7084;7890;9284;9781;9738;10000;9702;9956;8235;6020;5342;4867;3526;1566;946;1613;2824;3390;3019;2945;2978;2676;2055;2069;1625;1216;1013;744;386;50;146;40;122;107;112;102;52;24;79;31;M
162;41;239;441;630;921;1368;1078;1552;1779;2164;2568;3089;3829;4393;5335;5996;6728;7309;8092;8941;9668;10000;9893;9376;8991;9184;9128;7811;6018;3765;3300;2280;212;1117;1788;2373;2843;2241;2715;3363;2546;1867;2160;1278;768;1070;946;636;227;128;173;135;114;62;157;88;36;53;30;M
249;119;277;760;1218;1538;1192;1229;2119;2531;2855;2961;3341;4287;5205;6087;7236;7577;7726;8098;8995;9247;9365;9853;9776;10000;9896;9076;7306;5758;4469;3719;2079;955;488;1406;2554;2054;1614;2232;1773;2293;2521;1464;673;965;1492;1128;463;193;140;27;68;150;12;133;48;244;77;74;M
270;163;341;247;822;1256;1323;1584;2017;2122;2210;2399;2964;4061;5095;5512;6613;6804;6520;6788;7811;8369;8969;9856;10000;9395;8917;8105;6828;5572;4301;3339;2035;798;809;1525;2626;2456;1980;2412;2409;1901;2077;1767;1119;779;1344;960;598;330;197;189;204;85;43;92;138;94;105;93;M
388;324;688;898;1267;1515;2134;2613;2832;2718;3645;3934;3843;4677;5364;4823;4835;5862;7579;6997;6918;8633;9107;9346;7884;8585;9261;7080;5779;5215;4505;3129;1448;1046;1820;1519;1017;1438;1986;2039;2778;2879;1331;1140;1310;1433;624;100;98;131;152;255;71;263;79;111;107;68;97;67;M
228;853;1000;428;1117;1651;1597;2116;3295;3517;3330;3643;4020;4731;5196;6573;8426;8476;8344;8453;7999;8537;9642;10000;9357;9409;9070;7104;6320;5667;3501;2447;1698;3290;3674;2331;2413;2556;1892;1940;3074;2785;308;1238;1854;1753;1079;728;242;191;159;172;191;260;140;125;116;93;12;36;M
715;849;587;218;862;1801;1916;1896;2960;4186;4867;5249;5959;6855;8573;9718;8693;8711;8954;9922;8980;8158;8373;7541;5893;5488;5643;5406;4783;4439;3698;2574;1478;1743;1229;1588;1803;1436;1667;2630;2234;1239;869;2092;1499;676;899;927;658;86;216;153;121;96;196;42;66;99;83;124;M
209;261;120;768;1064;1680;3016;3460;3314;4125;3943;1334;4622;9970;9137;8292;6994;7825;8789;8501;8920;9473;10000;8975;7806;8321;6502;4548;4732;3391;2747;978;477;1403;1834;2148;1271;1912;3391;3444;2369;1195;2665;2587;1393;1083;1383;1321;1069;325;316;57;159;85;372;101;127;288;129;23;M
374;586;628;534;255;1422;2072;2734;3070;2597;3483;3999;4574;5950;7924;8272;8087;8977;9828;8982;8890;9367;9122;7936;6718;6318;4865;3388;4832;3822;3075;1267;743;1510;1906;1817;1709;946;2829;3006;1602;1483;2875;2047;1064;1395;1065;527;395;183;353;118;63;237;32;87;124;113;98;126;M
1371;1226;1385;1484;1776;1428;1773;2161;1630;2067;4257;5484;7131;7003;6777;7939;9382;8925;9146;7832;7960;7983;7716;6615;4860;5572;4697;5640;4517;3369;2684;2339;3052;3016;2753;1041;1757;3156;3603;2736;1301;2458;3404;1753;679;1062;643;532;531;272;171;118;129;344;65;67;22;79;146;51;M
443;446;235;1008;2252;2611;2061;1668;1801;3083;3794;5364;6173;7842;8392;9016;10000;8911;8753;7886;7156;7581;6372;3210;2076;2279;3309;2847;1949;1671;1025;1362;2212;1124;1677;1039;2562;2624;2236;1180;1103;2831;2385;255;1967;1483;434;627;513;473;248;274;205;141;185;55;45;115;152;100;M
1150;1163;866;358;232;1267;2417;2661;4346;5378;3816;991;616;1795;3907;3602;3041;2428;4060;8395;9777;4680;610;2143;1348;2854;1617;2649;4565;6502;2848;3296;5370;6627;8626;8547;7848;9016;8827;6086;2810;906;1177;2694;5214;4232;2340;1928;1092;507;228;99;65;85;166;110;190;141;68;86;M
968;821;629;608;617;1207;944;4223;5744;5025;3488;1700;2076;3087;4224;5312;2436;1884;1908;8321;10000;4076;960;1928;2419;3790;2893;3451;3777;5213;2316;3335;4781;6116;6705;7375;7356;7792;6788;5259;2762;1545;2019;2231;4221;3067;1329;1349;1057;499;206;73;81;303;190;212;126;201;210;41;M
790;707;352;1660;1330;226;771;2678;5664;6609;5002;2583;1650;4347;4515;4579;3366;4000;5325;9010;9939;3689;1012;248;2318;3981;2259;5247;6898;8316;4326;3741;5756;8043;7963;7174;7056;8148;7601;6034;4554;4729;4478;3722;4693;3839;768;1467;777;469;193;298;390;294;175;249;141;73;25;101;M
1083;1070;257;837;748;1125;3322;4590;5526;5966;5304;2251;2402;2689;6646;6632;1674;837;4331;8718;7992;3712;1703;1611;2086;2847;2211;6134;5807;6925;3825;4303;7791;8703;10000;9212;9386;9303;7314;4791;2087;2016;1669;2872;4374;3097;1578;553;334;209;172;180;110;234;276;32;84;122;82;143;M
94;611;1136;1203;403;1227;2495;4566;6587;5079;3350;834;3004;3957;3769;3828;1247;1363;2678;9188;9779;3236;1944;1874;885;3443;2953;5908;4564;7334;1969;2790;6212;8681;8621;9380;8327;9480;6721;4436;5163;3809;1557;1449;2662;1806;1699;2559;1129;201;480;234;175;352;158;326;201;168;245;154;M
1088;1278;926;1234;1276;1731;1948;4262;6828;5761;4733;2362;1023;2904;4713;4659;1415;849;3257;9007;9312;4856;1346;1604;2737;5609;3654;6139;5470;8474;5638;5443;5086;6253;8497;8406;8420;9136;7713;4882;3724;4469;4586;4491;5616;4305;945;794;274;154;140;455;213;82;124;167;103;205;178;187;M
430;902;833;813;165;277;569;2057;3887;7106;7342;5033;3000;1951;2767;3737;2507;2507;3292;4871;6527;8454;9739;10000;6665;5323;4024;3444;4239;4182;4393;1162;4336;6553;6172;4373;4118;3641;4572;4367;2964;4312;4155;1824;1487;138;1164;2052;1069;199;208;176;197;210;141;49;27;162;59;21;M
731;1249;1665;1496;1443;2770;2555;1712;466;1114;1739;3160;3249;2164;2031;2580;1796;2422;3609;1810;2604;6572;9734;9757;8079;6521;4915;5363;7649;5250;5101;4219;4160;1906;223;4219;5496;2483;2034;2729;2837;4463;3178;807;1192;2134;3241;2945;1474;211;361;444;230;290;141;161;177;194;207;57;M
164;627;738;608;233;1048;1338;644;1522;780;1791;2681;1788;1039;1980;3234;3748;2586;3680;3508;5606;5231;5469;6954;6352;6757;8499;8025;6563;8591;6655;5369;3118;3763;2801;875;3319;4237;1801;3743;4627;1614;2494;3202;2265;1146;476;943;824;171;244;258;143;226;187;185;110;94;78;112;M
412;1135;518;232;646;1124;1787;2407;2682;2058;1546;2671;3141;2904;3531;5079;4639;1859;4474;4079;5400;4786;4332;6113;5091;4606;7243;8987;8826;9201;8005;6033;2120;2866;4033;2803;3087;3550;2545;1432;5869;6431;5826;4286;4894;5777;4315;2640;1794;772;798;376;143;272;127;166;95;225;98;85;M
707;1252;1447;1644;1693;844;715;947;1583;1247;2340;1764;2284;3115;4725;5543;5386;3746;4583;5961;7464;7644;5711;6257;6695;7131;7567;8077;8477;9289;9513;7995;4362;4048;4952;1712;3652;3763;2841;427;5331;6952;4288;3063;5835;5692;2630;1196;983;374;291;156;197;135;127;138;133;131;154;218;M
526;563;1219;1206;246;1022;539;439;2291;1632;2544;2807;3011;3361;3024;2285;2910;1316;1151;3404;5562;6379;6553;7384;6534;5423;6877;7325;7726;8229;8787;9108;6705;6092;7505;4775;1666;3749;3776;2106;5886;5628;2577;5245;6149;5123;3385;1499;546;270;380;339;149;335;376;174;132;103;364;208;M
516;944;622;415;995;2431;1777;2018;2611;1294;2646;2778;4432;3672;2035;2764;3252;1536;2784;3508;5187;7052;7143;6814;5100;5308;6131;8388;9031;8607;9656;9168;7132;6898;7310;4134;1580;1819;1381;2960;6935;8246;5351;4403;6448;6214;3016;1379;364;355;456;432;274;152;120;129;20;109;74;78;M
299;688;992;1021;800;629;130;813;1761;998;523;904;2655;3099;3520;3892;3962;2449;2355;3045;3112;4698;5534;4532;4464;4670;4621;6988;7626;7025;7382;7446;7927;5227;3967;3042;1309;2408;1780;1598;5657;6443;4241;4567;5760;5293;3287;1283;698;334;342;459;277;172;87;46;203;130;115;15;M
721;1574;1112;1085;666;1800;1108;2794;1408;795;2534;3920;3375;1610;1889;3308;2282;2177;1853;5167;5342;6298;8437;6756;5825;6141;8809;8375;3869;5051;5455;4241;1534;4950;6983;7109;5647;4870;5515;4433;5250;6075;5251;1359;4268;4442;2193;900;1200;628;234;309;127;82;281;117;92;147;157;129;M
1021;830;577;627;635;1328;988;1787;1199;1369;2509;2631;2796;2977;3823;3129;3956;2093;3218;3345;3184;2887;3610;2566;4106;4591;4722;7278;7591;6579;7514;6666;4903;5962;6552;4014;1188;3245;3107;1354;5109;7988;7517;5508;5858;7292;5522;3339;1608;475;1004;709;317;309;252;87;177;214;227;106;M
654;649;737;1132;2482;1257;1797;989;2460;3422;2128;1377;4032;5684;2398;4331;5954;5772;8176;8835;5248;6373;8375;6699;7756;8750;8300;6896;3372;6405;7138;8202;6657;5254;2960;704;970;3941;6028;3521;3924;4808;4602;4164;5438;5649;3195;2484;1299;825;243;210;361;239;447;394;355;440;243;98;M
712;901;1276;1497;1284;1165;1285;1684;1830;2127;2891;3985;4576;5821;5027;1930;2579;3177;2745;6186;8958;7442;5188;2811;1773;6607;7576;5122;4701;5479;4347;1276;846;927;313;998;1781;1586;3001;2208;1455;2895;3203;1414;629;734;805;608;565;286;154;154;156;54;30;48;87;101;95;68;M
207;535;334;818;740;324;918;1070;1553;1234;1796;1787;1247;2577;3370;3990;1647;2266;3219;5356;8159;10000;8701;6889;6299;5738;5707;5976;4301;2058;1000;2247;2308;3977;3317;1726;1429;2168;1967;2140;3674;2023;778;925;2388;3400;2594;1102;911;462;171;33;50;190;103;121;42;90;70;99;M
209;278;115;445;427;766;1458;1430;1894;1853;1748;1556;1476;1378;2584;3827;4784;5360;6192;7912;9264;10000;9080;7435;5557;3172;1295;598;2722;3616;3293;4855;3936;1845;342;2489;3837;3514;2654;1760;1599;866;590;813;492;417;495;367;115;118;133;96;14;49;39;29;78;47;21;11;M
231;315;170;226;410;116;223;805;2365;2461;2245;1520;1732;3099;4380;5595;6820;6164;6803;8435;9921;10000;7983;5426;3952;5179;5650;3042;1881;3960;2286;3544;4187;2398;1847;3760;4331;3626;2519;1870;1046;2339;1991;1100;684;303;674;785;455;246;151;125;36;123;43;114;52;91;8;92;M
131;201;45;217;230;481;742;333;1369;2079;2295;1990;1184;1891;2949;5343;6850;7923;8220;7290;7352;7918;8057;4898;1934;2924;6255;8546;8966;7821;5168;4840;4038;3411;2849;2353;2699;4442;4323;3314;1195;1669;3702;3072;945;1545;1394;772;615;230;111;168;86;45;62;65;30;66;29;53;M
233;394;416;547;993;1515;1674;1513;1723;2078;1239;236;1771;3115;4990;6707;7655;8485;9805;10000;10000;9992;9067;6803;5103;4716;4980;6196;7171;6316;3554;2897;4316;3791;2421;944;351;844;436;1130;2045;1937;834;1502;1675;1058;1111;849;596;201;71;104;62;26;25;61;38;101;78;6;M
117;69;279;583;915;1267;1577;1927;2361;2169;1180;754;2782;3758;5093;6592;7071;7532;8357;8593;9615;9838;8705;6403;5067;5395;6934;8487;8213;5962;2950;2758;2885;1893;1446;955;888;836;894;1547;2318;2225;1035;1721;2017;1787;1112;398;305;84;39;53;29;20;13;29;20;62;26;52;M
211;128;15;450;711;1563;1518;1206;1666;1345;785;367;1227;2614;4280;6122;7435;8130;9006;9603;9162;9140;7851;5134;3439;3290;2571;3685;5765;6190;4613;3615;4434;3864;3093;2138;1112;1386;1523;996;1644;1902;1313;1776;2000;765;727;749;449;134;174;117;23;47;49;31;24;39;51;15;M
47;59;80;554;883;1278;1674;1373;2922;3469;3265;3263;2301;1253;2102;2401;1928;1673;1228;902;1557;3291;5268;6740;7906;8938;9395;9493;9040;9151;8828;8086;7180;6720;6447;6879;6241;4936;4144;4240;4546;4392;4323;4921;4710;3196;2241;1806;990;251;129;95;126;69;39;68;60;45;2;29;M
201;178;274;232;724;833;1232;1298;2085;2720;2188;3037;2959;2059;906;1610;1800;2180;2026;1506;521;2143;4333;5943;6926;7576;8787;9060;8528;9087;9657;9306;7774;6643;6604;6884;6938;5932;5774;6223;5841;4527;4911;5762;5013;4042;3123;2232;1085;414;253;131;49;104;102;92;83;20;48;36;M
107;453;289;713;1075;1019;1606;2119;3061;2936;3104;3431;2456;1887;1184;2080;2736;3274;2344;1260;576;1241;3239;4357;5734;7825;9252;9349;9348;10000;9308;8478;7605;7040;7539;7990;7673;5955;4731;4840;4340;3954;4837;5379;4485;2674;1541;1359;941;261;79;164;120;113;21;97;72;60;17;36;M
235;220;167;516;746;1121;1258;1717;3074;3199;2946;2484;2510;1806;1413;3019;3635;3887;2980;2219;1624;1343;2046;3791;5771;7545;8406;8547;9036;10000;9646;7912;6412;5986;6835;7771;8084;7426;6295;5708;4433;3361;3795;4950;4373;2404;1128;1654;933;225;214;221;152;83;58;23;57;52;27;21;M
258;433;547;681;784;1250;1296;1729;2794;2954;2506;2601;2249;2115;1270;1193;1794;2185;1646;740;625;2381;4824;6372;7531;8959;9941;9957;9328;9344;8854;7690;6865;6390;6378;6629;5983;4565;3129;4158;4325;4031;4201;4557;3955;2966;2095;1558;884;265;121;91;62;19;45;79;31;63;48;50;M
305;363;214;227;456;665;939;972;2535;3127;2192;2621;2419;2179;1159;1237;886;1755;1758;1540;512;1805;4039;5697;6577;7474;8543;9085;8668;8892;9065;8522;7204;6200;6253;6848;7337;6281;5725;6119;5597;4965;5027;5772;5907;4803;3877;2779;1427;424;271;200;70;70;86;89;74;42;55;21;M
217;152;346;346;484;526;773;862;1451;2110;2343;2087;1645;1689;1650;1967;2934;3709;4309;4161;5116;6501;7717;8491;9104;8912;8189;6779;5368;5207;5651;5749;5250;4255;3330;2331;1451;1648;2694;3730;4467;4133;3743;3021;2069;1790;1689;1341;769;222;205;123;67;11;26;49;29;22;22;32;M
72;27;89;61;420;865;1182;999;1976;2318;2472;2880;2126;708;1194;2808;4221;5279;5857;6153;6753;7873;8974;9828;10000;8460;6055;3036;144;2526;4335;4918;5409;5961;5248;3777;2369;1720;1878;3250;2575;2423;2706;2323;1724;1457;1175;868;392;131;92;78;71;81;34;64;37;36;12;37;M
163;198;202;386;752;1444;1487;1484;2442;2822;3691;3750;3927;3308;1085;1139;3446;5441;6470;7276;7894;8264;8697;7836;7140;5698;2908;4636;6409;7405;8069;8420;10000;9536;6755;3905;1249;3629;6356;8116;7664;5417;2614;1723;2814;2764;1985;1502;1219;493;27;77;26;31;83;20;84;108;83;33;M
221;65;164;487;519;849;812;1833;2228;1810;2549;2984;2624;1893;668;2666;4274;6291;7782;7686;8099;8493;9440;9450;9655;8045;4969;3960;3856;5574;7309;8549;9425;8726;6673;4694;1546;1748;3607;5208;5177;3702;2240;816;395;785;1052;1034;764;216;167;89;51;15;75;58;16;70;74;38;M
411;277;604;525;489;385;611;1117;1237;2300;1370;1335;2137;1526;775;1196;903;689;2071;2975;2836;3353;3622;3202;3452;3562;3892;6622;9254;10000;8528;6297;5250;4012;2901;2007;3356;4799;6147;6246;4973;3492;2662;3137;4282;4262;3511;2458;1259;327;181;217;38;19;65;132;108;50;85;44;M
137;297;116;82;241;253;279;130;489;874;1100;1084;1094;1023;601;906;1313;2758;3660;5269;5810;6181;5875;4639;5424;7367;9089;10000;8247;5441;3349;877;1600;4169;6576;7390;7963;7493;6795;4713;2355;1704;2728;4016;4125;3470;2739;1790;922;276;169;81;40;25;36;58;67;35;43;33;M
15;186;289;195;515;817;1005;124;1168;1476;2118;2575;2354;1334;92;1951;3685;4646;5418;6260;7420;8257;8609;8400;8949;9945;10000;9649;8747;6257;2184;2945;3645;5012;7843;9361;8195;6207;4513;3004;2674;2241;3141;3693;2986;2226;849;359;289;122;45;108;75;89;36;29;13;10;32;47;M
130;120;436;624;428;349;384;446;1318;1375;2026;2389;2112;1444;742;1533;3052;4116;5466;5933;6663;7333;7136;7014;7758;9137;9964;10000;8881;6585;2707;1746;2709;4853;7184;8209;7536;6496;4708;3482;3508;3181;3524;3659;2846;1714;694;303;292;116;24;84;100;18;35;58;11;9;33;26;M
134;172;178;363;444;744;800;456;368;1250;2405;2325;2523;1472;669;1100;2353;3282;4416;5167;6508;7793;7978;7786;8587;9321;9454;8645;7220;4850;1357;2951;4715;6036;8083;9870;8800;6411;4276;2702;2642;3342;4335;4542;3960;2525;1084;372;286;99;46;94;48;47;16;8;42;24;27;41;M
179;136;408;633;596;808;2090;3465;5276;5965;6254;4507;3693;2864;1635;422;1785;4394;6950;8097;8550;8717;8601;9201;8729;8084;8694;8411;5793;3754;3485;4639;6495;6901;5666;5188;5060;3885;3762;3738;2605;1591;1875;2267;1577;1211;883;850;355;219;86;123;60;187;111;126;81;155;160;85;M
180;444;476;698;1615;887;596;1071;3175;2918;3273;3035;3033;2587;1682;1308;2803;4519;6641;7683;6960;4393;2432;2886;4974;8172;10000;9238;8519;7722;5772;5190;6824;6220;5054;3578;3809;3813;3359;2771;3648;3834;3453;2096;1031;798;701;526;241;117;122;122;114;98;27;25;26;50;73;22;M
329;216;386;627;1158;1482;2054;1605;2532;2672;3056;3161;2314;2067;1804;2808;4423;5947;6601;5844;4539;4789;5646;5281;7115;10000;9564;6090;5112;4000;482;1852;2186;1436;1757;1428;1644;3089;3648;4441;3859;2813;1238;953;1201;825;618;141;108;124;104;95;151;59;15;53;16;42;53;74;M
191;173;291;301;463;690;576;1103;2423;3134;4786;5239;4393;3440;2869;3889;4420;3892;4088;5006;7271;9385;10000;9831;9932;9161;8237;6957;4536;3281;2522;3964;4154;3308;1445;1923;3208;3367;5683;5505;3231;448;3131;3387;4130;3639;2069;859;600;267;125;40;136;137;172;132;110;122;114;68;M
294;123;117;113;497;998;1326;1117;2984;3473;4231;5044;5237;4398;3236;2956;3286;3231;4528;6339;7044;8314;8449;8512;9138;9985;10000;7544;4661;3924;3849;4674;4245;3095;752;2885;4072;3170;2863;2634;541;1874;3459;4646;4366;2581;1319;505;112;59;41;56;104;79;14;54;15;6;81;43;M
635;709;453;333;185;1260;1015;1918;3362;3900;4674;5632;5506;4343;3052;3492;3975;3875;5280;7198;7702;8562;8688;9236;10000;9662;9822;7360;4158;2918;3280;3690;3450;2863;864;3724;4649;3488;1817;1142;1220;2621;4461;4726;3263;1423;390;406;311;86;154;48;25;87;72;95;86;85;40;51;M
201;165;344;330;397;443;684;903;1739;2571;2931;3108;3603;3002;2718;2007;1801;2234;3568;5492;7209;8318;8864;9520;9637;10000;9673;8664;7896;6345;5351;4056;2563;2894;3588;4296;4773;4516;3765;3051;1921;1184;1984;1570;660;1294;797;52;233;152;125;54;57;137;109;35;56;105;82;36;M
197;394;384;76;251;629;747;578;1357;1695;1734;2470;3141;3297;2759;2056;1162;1884;3390;3926;4282;5418;6448;7223;7853;7984;8847;9582;8990;6831;6108;5480;5058;4476;2401;1405;1772;1742;3326;4021;3009;2075;1206;255;298;691;781;777;369;57;91;134;97;42;58;72;41;45;47;54;M
394;420;446;551;597;1416;956;802;1618;2558;3078;3404;3400;3951;3352;2252;2086;2248;3382;4578;6474;6708;7007;7619;7745;6767;7373;7834;9619;10000;8086;5558;5409;4988;3108;2897;2244;960;2287;3228;3454;3882;3240;926;1173;566;766;969;588;50;118;146;40;114;32;62;101;68;53;87;M
310;221;433;191;964;1827;1106;1702;2804;4432;5222;5611;5379;4048;2245;1784;2297;2720;5209;6898;8202;8780;7600;7616;7152;7288;8686;9509;8348;5730;4363;4289;4240;3156;1287;1477;2062;2400;5173;5168;1491;2407;3415;4494;4624;2001;775;1232;783;89;249;204;59;53;79;37;15;56;67;54;M
423;321;709;108;1070;973;961;1323;2462;2696;3412;4292;3682;3940;2965;3172;2825;3050;2408;5420;6802;6320;5824;6805;5984;8412;9911;9187;8005;6713;5632;7332;6038;2575;349;1799;3039;4760;5756;4254;5046;7179;6163;5663;5749;3593;2526;2299;1271;356;367;176;35;93;121;75;56;21;43;17;M
95;308;539;411;613;1039;1016;1394;2592;3745;4229;4499;5404;4303;3333;3496;3426;2851;4062;6833;7650;6670;5703;5995;6484;8614;9819;9380;8435;6074;5403;6890;5977;3244;516;3157;3590;3881;5716;4314;3051;4393;4302;4831;5084;1952;1539;2037;1054;251;357;181;19;102;133;40;42;30;31;33;M
96;404;682;688;887;932;955;2140;2546;2952;4025;5148;4901;4127;3575;3447;3068;2945;4351;7264;8147;8103;6665;6958;7748;8688;10000;9941;8793;6482;5876;6408;4972;2755;300;3356;3167;4133;6281;4977;2613;4697;4806;4921;5294;2216;1401;1888;947;134;310;237;78;144;170;12;109;36;43;18;M
269;383;505;707;1313;2103;2263;2524;3595;5915;6675;5679;5175;3334;2002;2856;2937;3424;5949;7526;8959;8147;7109;7378;7201;8254;8917;9820;8179;4848;3203;2775;2382;2911;1675;3156;1869;3391;5993;4124;1181;3651;4655;4777;3517;920;1227;1785;1085;300;346;167;199;145;81;45;43;27;55;57;M
340;625;381;257;441;1027;1287;1850;2647;4117;5245;5341;5554;3915;2950;3075;3021;2719;5443;7932;8751;8667;7107;6911;7287;8792;10000;9816;8984;6048;4934;5371;4586;2908;774;2249;1602;3958;6117;5196;2321;4370;3797;4322;4892;1901;940;1364;906;144;329;141;19;67;99;42;57;51;33;58;M
209;191;411;321;698;1579;1438;1402;3048;3914;3504;3669;3943;3311;3331;3002;2324;1381;3450;4428;4890;3677;4379;4864;6207;7256;6624;7689;7981;8577;9273;7009;4851;3409;1406;1147;1433;1820;3605;5529;5988;5077;5512;5027;7034;5904;4069;2761;1584;510;54;78;201;104;39;31;62;87;70;42;M
368;279;103;566;759;679;970;1473;2164;2544;2936;2935;2657;3187;2794;2534;1980;1929;2826;3245;3504;3324;4217;4774;4808;6325;8334;9458;10000;8425;5524;4795;5200;3968;1940;1519;2010;1736;1029;2244;3717;4449;3939;2030;2010;2187;1840;1477;971;224;151;105;24;18;57;92;9;86;110;52;M
89;274;248;237;224;845;1488;1224;1569;2119;3003;3094;2743;2547;1870;1452;1457;2429;3259;3679;3355;3100;3914;5280;6409;7707;8754;10000;9806;6969;4973;5020;5359;3842;1848;1149;1570;1311;1583;2631;3103;4512;3785;1269;1459;1092;1485;1385;716;176;199;96;103;93;25;44;21;69;60;18;M
158;239;150;494;988;1425;1463;1219;1697;1923;2361;2719;3049;2986;2226;1745;2459;3100;3572;4283;4268;3735;4585;6094;7221;7595;8706;10000;9815;7187;5848;4192;3756;3263;1944;1394;1670;1275;1666;2574;2258;2777;1613;1335;1976;1234;1554;1057;490;97;223;121;108;57;28;79;34;46;22;21;M
156;210;282;596;462;779;1365;780;1038;1567;2476;2783;2896;2956;3189;1892;1730;2226;2427;3149;4102;3808;4896;6292;7519;7985;8830;9915;9223;6981;6167;5069;3921;3524;2183;1245;1592;1626;2356;2483;2437;2715;1184;1157;1449;1883;1954;1492;511;155;189;150;60;82;91;38;56;56;48;24;M
315;252;167;479;902;1057;1024;1209;1241;1533;2128;2536;2686;2803;1886;1485;2160;2417;2989;3341;3786;3956;5232;6913;7868;8337;9199;10000;8990;6456;5967;4355;2997;2294;1866;922;1829;1743;2452;2407;2518;3184;1685;675;1186;1833;1878;1114;310;143;138;108;62;44;72;7;54;35;1;55;M
56;267;221;561;936;1146;706;996;1673;1859;2481;2712;2934;2637;1880;1405;2028;2613;2778;3346;3830;4003;5114;6860;7490;7843;9021;10000;8888;6511;6083;4463;2948;1729;1488;801;1770;1382;2404;2046;1970;2778;1377;685;664;1665;1807;1245;516;44;185;72;55;74;68;84;37;24;34;7;M
203;121;380;128;537;874;1021;852;1136;1747;2198;2721;2105;1727;2040;1786;1318;2260;2358;3107;3906;3631;4809;6531;7812;8395;9180;9769;8937;7022;6500;5069;3903;3009;1565;985;2200;2243;2736;2152;2438;3154;2112;991;594;1940;1937;1082;336;177;209;134;94;47;45;42;28;36;13;16;M
392;108;267;257;410;491;1053;1690;2105;2471;2680;3049;2863;2294;1165;2127;2062;2222;3241;4330;5071;5944;7078;7641;8878;9711;9880;9812;9464;8542;6457;3397;3828;3204;1331;440;1234;2030;1652;1043;1066;2110;2417;1631;769;723;912;812;496;101;89;83;80;26;79;42;71;44;22;14;M
129;141;309;375;767;787;662;1108;1777;2245;2431;3134;3206;2917;2249;2347;2143;2939;4898;6127;7531;7718;7432;8673;9308;9836;10000;9595;8722;6862;4901;3280;3115;1969;1019;317;756;907;1066;1380;665;1475;2470;2788;2709;2283;1818;1185;546;219;204;124;93;72;19;27;54;17;24;29;M
50;17;270;450;958;830;879;1220;1977;2282;2521;3484;3309;2614;1782;2055;2298;3545;6218;7265;8346;8268;8366;9408;9510;9801;9974;10000;9036;6409;3857;2908;2040;1653;1769;1140;740;941;621;426;572;1068;1909;2229;2203;2265;1766;1097;558;142;281;165;56;10;27;62;24;63;17;28;M
366;421;504;250;596;252;958;991;1419;1847;2222;2648;2508;2291;1555;1863;2387;3345;5233;6684;7766;7928;7940;9129;9498;9835;10000;9471;8237;6252;4181;3209;2658;2196;1588;561;948;1700;1215;1282;386;1329;2331;2468;1960;1985;1570;921;549;194;166;132;27;22;59;16;25;17;27;27;M
238;318;422;399;788;766;881;1143;1594;2048;2652;3100;2381;1918;1430;1735;1781;2852;5036;6166;7616;8125;7793;8788;8813;9470;10000;9739;8446;6151;4302;3165;2869;2017;1206;271;580;1262;1072;1082;360;1197;2061;2054;1878;2047;1716;1069;477;170;186;96;71;84;38;26;28;13;35;60;M
116;744;367;225;76;545;1110;1069;1708;2271;3171;2882;2657;2307;1889;1791;2298;3715;6223;7260;7934;8045;8067;9173;9327;9562;10000;9818;8684;6381;3997;3242;2835;2413;2321;1260;693;701;1439;1475;438;469;1476;1742;1555;1651;1181;720;321;56;202;141;103;100;34;26;37;44;57;35;M
131;387;329;78;721;1341;1626;1902;2610;3193;3468;3738;3055;1926;1385;2122;2758;4576;6487;7154;8010;7924;8793;10000;9865;9474;9474;9315;8326;6213;3772;2822;2042;2190;2223;1327;521;618;1416;1460;846;1055;1639;1916;2085;2335;1964;1300;633;183;137;150;76;32;37;71;40;9;15;85;M
335;258;398;570;529;1091;1709;1684;1865;2660;3188;3553;3116;1965;1780;2794;2870;3969;5599;6936;7969;7452;8203;9261;8810;8814;9301;9955;8576;6069;3934;2464;1645;1140;956;80;702;936;894;1127;873;1020;1964;2256;1814;2012;1688;1037;501;136;130;120;39;53;62;46;45;22;5;31;M
272;378;488;848;1127;1103;1349;2337;3113;3997;3941;3309;2926;1760;1739;2043;2088;2678;2434;1839;2802;6172;8015;8313;8440;8494;9168;10000;7896;5371;6472;6505;4959;2175;990;434;1708;1979;1880;1108;1702;585;638;1391;638;581;641;1044;732;275;146;91;45;43;43;98;54;51;65;103;M
187;346;168;177;393;1630;2028;1694;2328;2684;3108;2933;2275;994;1801;2200;2732;2862;2034;1740;4130;6879;8120;8453;8919;9300;9987;10000;8104;6199;6041;5547;4160;1472;849;608;969;1411;1676;1200;1201;1036;1977;1339;902;1085;1521;1363;858;290;203;116;98;199;33;101;65;115;193;157;M
323;101;298;564;760;958;990;1018;1030;2154;3085;3425;2990;1402;1235;1534;1901;2429;2120;2395;3272;5949;8302;9045;9888;9912;9448;10000;9092;7412;7691;7117;5304;2131;928;1297;1159;1226;1768;345;1562;824;1149;1694;954;80;790;1255;647;179;51;61;93;135;63;63;34;32;62;67;M
522;437;180;292;351;1171;1257;1178;1258;2529;2716;2374;1878;983;683;1503;1723;2339;1962;1395;3164;5888;7631;8473;9424;9986;9699;10000;8630;6979;7717;7305;5197;1786;1098;1446;1066;1440;1929;325;1490;328;537;1309;910;757;1059;1005;535;235;155;160;29;51;62;89;140;138;77;31;M
303;353;490;608;167;1354;1465;1123;1945;2354;2898;2812;1578;273;673;1444;2070;2645;2828;4293;5685;6990;7246;7622;9242;10000;9979;8297;7032;7141;6893;4961;2584;969;776;364;1572;1823;1349;849;492;1367;1552;1548;1319;985;1258;954;489;241;42;86;46;126;36;35;34;79;36;48;M
260;363;136;272;214;338;655;1400;1843;2354;2720;2442;1665;336;1302;1708;2177;3175;3714;4552;5700;7397;8062;8837;9432;10000;9375;7603;7123;8358;7622;4567;1715;1549;1641;1869;2655;1713;959;768;847;2076;2505;1862;1439;1470;991;41;154;116;181;146;129;47;39;61;40;36;61;115;M
